sku,title
GFT0202,"Import Nice-N-Cozy Fleece Gift Set"
GFT20706,"The Perfect 6 Gift Set"
GFT20801,"Basecamp Pint Tumblers Set"
GFT20808,"Basecamp Zion Mug Set"
GFT21801,"Basecamp Hanging Out Giftset"
GFT21802,"Basecamp Sip and Gulp Gift Set"
GFT21803,"Basecamp McTundra Gift Set"
GFT21804,"Basecamp McTundra & Zion Gift Set"
GFT21805,"Basecamp McTundra & Pint Gift Set"
GFT21807,"Basecamp ICEY Gift Set"
GFT22201,"Wine and Cheese Gift Set"
GFT22501,"Basecamp Highland peak Gift Set"
GFT22801,"Basecamp Icey & Pint Gift Set"
GFT24801,"Basecamp Atlas Notebook & Pen Set"
GFT24804,"Basecamp Bundle It Set"
GFT3106,"Malmo Mix 'N' Match Gift Set"
GFT3107,"Hot-N-Cold Gift Set"
GFT3108,"Malmo Travel Mug Set - 16 oz."
GFT4820,"Leatherette Tumbler/ Vacuum Bottle Set"
GFT5202,"Cozy Essentials Gift Set"
GFT6001,"20/20 Basecamp Tundra 2-Pack
"
GFT6003,"20/64 Basecamp Tundra 2-Pack
"
GFT8101,"Marathon Fitness Gift Set
"
GFT8404,"Broadway Stationery Gift Set
"
GFT8406,"Mason Stationery Gift Set
"
GFT8802,"Napa Stemless Wine Tumbler Set"
GFT9701,"Perfect 3 Gift Set"
GFT9903,"Derby Soft Touch Metal Ballpoint & Mechanical Pencil Gift Set"
NGS13,"Zen On-The-Go 5 mL Set"
NGS14,"Scented Candle 2-Pack in Kraft Window Box"
NGS15,"2 oz. Scented Candle in Kraft Window Box"
NGS16,"15ML Zen On-The-Go Set"
NGSHOGYO,"Hogyo Gift Set"
NGSINDULGE,"Indulge Gift Set"
NGSLUXEPLUS,"Luxe Plus Gift Set"
NGSNE3Z,"Neoprene Zipper Pouch Keychain with Silver Split-Ring"
NGSNIRVANA,"Nirvana Gift Set"
NGSRADIANCE,"8 oz. Scented Tumbler Candle in a Cardboard Gift Tube w/ Metal Lid"
NGSSATORI,"Satori Gift Set"
NGSTRAVELPACK,"Essential Oil 5 mL Mini Dropper Bottle Travel Pack"
NGSUNWIND,"Unwind Gift Set"
